{"mean10Acc": 0.9751088534107403, "accStd": 0.02280281936544885, "mean10Rec": 0.9725146198830409, "recStd": 0.05106840454882057, "acc": 0.9542857142857143, "rec": 0.9310344827586207}