{"mean10Acc": 0.9674528301886791, "accStd": 0.02584159999661978, "mean10Rec": 0.9450292397660819, "recStd": 0.06526169064983801, "acc": 0.9428571428571428, "rec": 0.8793103448275862}