{"mean10Acc": 0.9731857764876632, "accStd": 0.017595124933049714, "mean10Rec": 0.9725146198830409, "recStd": 0.0370596012111225, "acc": 0.96, "rec": 0.9482758620689655}