{"mean10Acc": 0.9425979680696661, "accStd": 0.029749636934023774, "mean10Rec": 0.9508771929824562, "recStd": 0.07587986902175793, "acc": 0.9371428571428572, "rec": 0.8793103448275862}