{"mean10Acc": 0.9674891146589258, "accStd": 0.021008175592535983, "mean10Rec": 0.9508771929824562, "recStd": 0.045369716056529404, "acc": 0.9657142857142857, "rec": 0.9310344827586207}