{"mean10Acc": 0.9655660377358488, "accStd": 0.023905628831371182, "mean10Rec": 0.9564327485380117, "recStd": 0.047589010591440065, "acc": 0.9657142857142857, "rec": 0.9655172413793104}